"Boro.Block.Lot","Condo.Section","Address","Neighborhood","Building.Classification","Total.Units","Year.Built","Gross.SqFt","Estimated.Gross.Income","Gross.Income.per.SqFt","Estimated.Expense","Expense.per.SqFt","Net.Operating.Income","Full.Market.Value","Market.Value.per.SqFt","Report.Year"
"1-01613-7501","0267-R1","1255 5 AVENUE","UPPER EAST SIDE (96-110)","R4-CONDOMINIUM",59,1925,63284,1613742,25.5,726500,11.48,887242,6857996,108.37,2015
"1-01171-7501","1058-R1","200 RIVERSIDE BOULEVARD","UPPER WEST SIDE (59-79)","R4  -ELEVATOR",358,1997,512280,29871047,58.31,5665817,11.06,24205230,196582995,383.74,2019
"3-02237-7519","3457-R1","135 MIDDLETON STREET","WILLIAMSBURG-CENTRAL","R4-ELEVATOR",14,1942,26964,579187,21.48,205466,7.62,373721,2914000,108.07,2016
"4-04955-7512","0278-R1","139 34 AVENUE","FLUSHING-NORTH","R2-CONDOMINIUM",4,1987,4010,60391,15.06,24782,6.18,35609,239000,59.6,2012
"1-01444-7501","0377-R1","301 EAST 69 STREET","UPPER EAST SIDE (59-79)","R9-CONDOMINIUM",198,1963,206278,6266726,30.38,2044215,9.91,4222511,32481000,157.46,2012
"1-00181-7501","0080-R1","355 GREENWICH STREET","TRIBECA","R2-CONDOMINIUM",10,1983,10962,392220,35.78,162457,14.82,229763,1826000,166.58,2015
"2-02762-7501","0170-R1","1314 SENECA AVENUE","HUNTS POINT","RR-CONDOMINIUM",60,1928,61084,742781,12.16,417204,6.83,325577,2048000,33.53,2014
"4-09177-7501","0184-R2","84-10 101 STREET","WOODHAVEN","R2  -WALK-UP",6,1959,4497,92683,20.61,37100,8.25,55583,437001,97.18,2018
"3-02857-7504","2035-R1","96 WOODPOINT ROAD","WILLIAMSBURG-EAST","R2  -WALK-UP",10,2005,9082,242853,26.74,73837,8.13,169016,1356999,149.42,2019
"1-01683-7501","1479-R1","324 EAST 112 STREET","HARLEM-EAST","R4-CONDOMINIUM",20,2004,22295,724588,32.5,218714,9.81,505874,3818998,171.29,2012
"1-01413-7502","1366-R1","179 EAST 78 STREET","UPPER EAST SIDE (59-79)","R4-CONDOMINIUM",14,1900,9285,376850,40.59,129556,13.95,247294,1886000,203.12,2014
"3-02456-7502","2774-R1","400 BEDFORD AVENUE","WILLIAMSBURG-SOUTH","RR  -CONRENT",11,2009,7291,258539,35.46,142175,19.5,116364,945000,129.61,2019
"1-00928-7505","2740-R1","385 1 AVENUE","KIPS BAY","R4    -ELEVATOR",114,2002,136657,8464535,61.94,2692143,19.7,5772392,45924000,336.05,2023
"4-03547-7501","0675-R1","852 CYPRESS AVENUE","RIDGEWOOD","R2  -WALK-UP",19,2010,19400,826246,42.59,300700,15.5,525546,4277000,220.46,2021
"3-02417-7501","1383-R1","120 SOUTH 2 STREET","WILLIAMSBURG-SOUTH","R4-ELEVATOR",17,2004,23760,635342,26.74,300802,12.66,334540,2676000,112.63,2017
"3-00942-7501","0651-R1","121 STERLING PLACE","PARK SLOPE","R2-WALK-UP",10,1920,27213,979396,35.99,394861,14.51,584535,4675999,171.83,2017
"3-01710-7501","2757-R1","1825 ATLANTIC AVENUE","BEDFORD STUYVESANT","RR-CONDOMINIUM",150,2008,153706,4303768,28,1206592,7.85,3097176,23616000,153.64,2014
"3-02884-7501","3793-R1","179 WOODPOINT ROAD","WILLIAMSBURG-EAST","R4  -ELEVATOR",14,2009,8333,270406,32.45,109496,13.14,160910,1297000,155.65,2020
"3-01276-7501","0287-R1","1229 PRESIDENT STREET","CROWN HEIGHTS","R2    -WALK-UP",12,1987,22128,518016,23.41,186539,8.43,331477,2604000,117.68,2023
"1-00095-7501","0118-R1","117 BEEKMAN STREET","SOUTHBRIDGE","R4-ELEVATOR",22,1983,37170,1352616,36.39,353487,9.51,999129,7992001,215.01,2017
"3-02782-7501","1880-R1","134 POWERS STREET","WILLIAMSBURG-EAST","R2-WALK-UP",20,2005,25216,412029,16.34,198954,7.89,213075,1560000,61.87,2016
"3-01763-7502","1168-R1","209 SPENCER STREET","BEDFORD STUYVESANT","R4-CONDOMINIUM",18,2004,24200,513282,21.21,119790,4.95,393492,2877000,118.88,2012
"1-02132-7501","2122-R1","2360 AMSTERDAM AVENUE","WASHINGTON HEIGHTS LOWER","R4  -ELEVATOR",28,2007,38351,836819,21.82,337105,8.79,499714,3936000,102.63,2021
"3-03063-7501","1505-R1","204 MONTROSE AVENUE","WILLIAMSBURG-EAST","R2-CONDOMINIUM",8,1920,9500,205770,21.66,67165,7.07,138605,1048003,110.32,2015
"1-00572-7502","1256-R1","30 WEST 9 STREET","GREENWICH VILLAGE-CENTRAL","R2-CONDOMINIUM",18,1900,14398,436128,30.29,139917,9.72,296211,2259003,156.9,2014
"1-00540-7501","0567-R1","173 BLEECKER STREET","GREENWICH VILLAGE-CENTRAL","R9  -CONDOPS",18,1900,15744,557338,35.4,193179,12.27,364159,2958000,187.88,2019
"1-00822-7506","2368-R1","21 WEST 20 STREET","FLATIRON","R4  -ELEVATOR",12,2014,36491,2061742,56.5,587505,16.1,1474237,11866001,325.18,2018
"1-00298-7503","2020-R1","21 LUDLOW STREET","LOWER EAST SIDE","R4  -ELEVATOR",23,1910,17899,825502,46.12,239489,13.38,586013,4726000,264.04,2020
"3-02721-7503","1971-R1","20 BAYARD STREET","GREENPOINT","R4  -ELEVATOR",62,2005,82265,2227736,27.08,936176,11.38,1291560,10395990,126.37,2018
"1-00624-7503","0439-R1","302 WEST 12 STREET","GREENWICH VILLAGE-WEST","R4  -ELEVATOR",128,1910,138934,6014453,43.29,2134026,15.36,3880427,31233000,224.8,2018
"1-01049-7501","1311-R1","1 CENTRAL PARK","MIDTOWN WEST","R4-CONDOMINIUM",165,1955,377444,15750738,41.73,4174531,11.06,11576207,87401005,231.56,2012
"4-01727-7501","0748-R1","112-02 NORTHERN BOULEVARD","CORONA","R4-ELEVATOR",33,2009,31339,1308403,41.75,468205,14.94,840198,6722997,214.52,2016
"1-01320-7502","0238-R1","216 EAST 47 STREET","MIDTOWN EAST","R4  -ELEVATOR",48,1985,77029,4073294,52.88,1582946,20.55,2490348,20122000,261.23,2021
"1-00817-7501","0359-R1","108 5 AVENUE","FLATIRON","R4  -ELEVATOR",50,1986,64600,3262300,50.5,660212,10.22,2602088,21133000,327.14,2019
"3-07242-7501","0358-R1","611 BANNER AVENUE","BRIGHTON BEACH","R9-CONDOMINIUM",101,1989,87134,1143198,13.12,595125,6.83,548073,3518000,40.37,2012
"1-01292-7501","0086-R1","721 5 AVENUE","MIDTOWN CBD","R4-ELEVATOR",234,1983,499668,30999403,62.04,8994024,18,22005379,176100017,352.43,2016
"1-00141-7502","0617-R1","184 DUANE STREET","TRIBECA","R4    -ELEVATOR",2,1915,4198,202428,48.22,53021,12.63,149407,1204000,286.8,2023
"1-01082-7501","2167-R1","552 WEST 54 STREET","CLINTON","RR  -CONRENT",222,2009,170121,10329747,60.72,2701521,15.88,7628226,61953000,364.17,2019
"4-01842-7502","0737-R1","86-55 BROADWAY","ELMHURST","RR-CONDOMINIUM",83,2012,56131,2119507,37.76,606776,10.81,1512731,12051000,214.69,2015
"1-01831-7502","1913-R1","247 WEST 115 STREET","HARLEM-CENTRAL","R4-CONDOMINIUM",36,2007,49200,1030740,20.95,390156,7.93,640584,4670998,94.94,2012
"2-03432-7501","0033-R4","232 FLEET COURT","SOUNDVIEW","R2-WALK-UP",18,1989,22199,270384,12.18,171598,7.73,98786,620998,27.97,2013
"3-06622-7501","1303-R1","1642 WEST 9 STREET","GRAVESEND","R4-CONDOMINIUM",21,2004,18571,277265,14.93,121269,6.53,155996,1044001,56.22,2012
"1-02051-7501","1327-R1","330 WEST 145 STREET","HARLEM-CENTRAL","R9    -CONDOPS",77,2001,91858,2881585,31.37,1289686,14.04,1591899,12812000,139.48,2023
"3-01270-7502","1247-R1","636 EASTERN PARKWAY","CROWN HEIGHTS","R4-CONDOMINIUM",12,1910,27608,564860,20.46,284638,10.31,280222,2053002,74.36,2014
"4-00082-7501","0484-R1","27 THOMSON AVENUE","LONG ISLAND CITY","R4-CONDOMINIUM",237,1920,310173,5508672,17.76,2391434,7.71,3117238,21908993,70.63,2012
"1-00558-7503","0684-R1","125 EAST 12 STREET","GREENWICH VILLAGE-CENTRAL","R4  -ELEVATOR",44,1988,69472,3754962,54.05,1570762,22.61,2184200,17620000,253.63,2021
"1-01341-7501","0176-R1","330 EAST 49 STREET","MIDTOWN EAST","R4  -ELEVATOR",141,1962,89872,3908533,43.49,1223158,13.61,2685375,21857000,243.2,2021
"1-00434-7504","1526-R1","107 AVENUE A","EAST VILLAGE","R4-ELEVATOR",10,1920,10461,465619,44.51,194888,18.63,270731,2165997,207.05,2017
"1-01755-7501","1470-R1","69 EAST 130 STREET","HARLEM-CENTRAL","R4  -ELEVATOR",25,2004,40418,1281655,31.71,510479,12.63,771175,6266000,155.03,2021
"1-00636-7502","1542-R1","3 WEEHAWKEN STREET","GREENWICH VILLAGE-WEST","R4-CONDOMINIUM",20,1900,11852,426205,35.96,144185,12.17,282020,2150004,181.4,2014
"1-01341-7505","1792-R1","865 1 AVENUE","MIDTOWN EAST","R4  -ELEVATOR",81,1930,78000,3081000,39.5,985920,12.64,2095080,17015009,218.14,2019
"1-00273-7501","1438-R1","142 HENRY STREET","LOWER EAST SIDE","R4  -ELEVATOR",13,1912,19597,635335,32.42,245746,12.54,389588,3141000,160.28,2020
"3-06819-7501","1359-R1","1833 EAST 13 STREET","MADISON","R4    -ELEVATOR",12,2004,16792,360692,21.48,100920,6.01,259772,2016000,120.06,2023
"1-01943-7501","0793-R1","352 WEST 117 STREET","HARLEM-CENTRAL","R4-CONDOMINIUM",41,1900,45436,877546,19.31,325397,7.16,552149,3995997,87.95,2014
"1-00219-7504","1191-R1","169 HUDSON STREET","TRIBECA","R4-ELEVATOR",12,1915,51647,1293757,25.05,353265,6.84,940492,7130998,138.07,2013
"1-00293-7501","1877-R1","18 ELDRIDGE STREET","CHINATOWN","R4  -ELEVATOR",10,2007,7169,313214,43.69,55990,7.81,257224,2077000,289.72,2020
"1-01851-7501","2207-R1","750 COLUMBUS AVENUE","UPPER WEST SIDE (96-116)","RR-CONDOMINIUM",207,1988,276305,9188996,33.26,3617255,13.09,5571741,42484000,153.76,2014
"4-01766-7501","0571-R1","100-03 39 AVENUE","CORONA","R4-ELEVATOR",27,2006,18569,513804,27.67,190147,10.24,323657,2588993,139.43,2017
"3-07964-7501","0120-R1","538 EAST 86 STREET","CANARSIE","R2-CONDOMINIUM",18,1900,24544,379696,15.47,150700,6.14,228996,1551001,63.19,2012
"5-00001-7502","0147-R1","155 BAY STREET","NEW BRIGHTON-ST. GEORGE","R4-CONDOMINIUM",57,2005,62045,913805,14.73,384697,6.2,529108,3559004,57.36,2014
"3-02147-7505","0628-R1","134 SOUTH 9 STREET","WILLIAMSBURG-SOUTH","R4  -ELEVATOR",36,1997,45801,814800,17.79,289920,6.33,524880,3990004,87.12,2018
"1-00797-7505","1372-R1","146 WEST 22 STREET","CHELSEA","R4-ELEVATOR",13,2003,37035,1246598,33.66,307761,8.31,938837,7149002,193.03,2013
"1-00848-7501","0179-R1","47 EAST 19 STREET","FLATIRON","R4-ELEVATOR",1,1920,2097,77694,37.05,26422,12.6,51272,410000,195.52,2017
"4-05105-7504","0662-R1","132-26 AVERY AVENUE","FLUSHING-NORTH","R4-ELEVATOR",40,2009,40444,830720,20.54,397565,9.83,433155,3349000,82.81,2016
"4-01880-7501","0749-R1","97-05 50 AVENUE","CORONA","R4-CONDOMINIUM",10,2007,7047,250380,35.53,78715,11.17,171665,1363999,193.56,2015
"3-02446-7501","1389-R1","180 SOUTH 4 STREET","WILLIAMSBURG-SOUTH","R2-WALK-UP",12,1981,21304,574143,26.95,247766,11.63,326377,2611003,122.56,2017
"1-00855-7501","0300-R1","43 EAST 25 STREET","FLATIRON","R4-CONDOMINIUM",119,1987,123200,5494720,44.6,1684144,13.67,3810576,29055002,235.84,2014
"1-01158-7501","0408-R1","160 WEST END AVENUE","UPPER WEST SIDE (59-79)","R9  -CONDOPS",508,1963,471630,17789884,37.72,7135762,15.13,10654122,86527000,183.46,2019
"4-01010-7501","0073-R1","22-10 79 STREET","JACKSON HEIGHTS","R2  -WALK-UP",257,1952,256485,5198951,20.27,2485340,9.69,2713611,20985000,81.82,2020
"3-01124-7502","1930-R1","925 PACIFIC STREET","CROWN HEIGHTS","R4  -ELEVATOR",15,2005,19789,504026,25.47,170383,8.61,333643,2674000,135.13,2021
"3-00945-7505","2653-R1","126 STERLING PLACE","PARK SLOPE","R2-CONDOMINIUM",16,1912,16104,414356,25.73,206453,12.82,207903,1609000,99.91,2015
"4-01270-7501","0083-R1","35-20 LEVERICH STREET","JACKSON HEIGHTS","R4  -ELEVATOR",214,1964,214300,4189565,19.55,2031564,9.48,2158001,16592000,77.42,2020
"4-00082-7501","0484-R1","27-28 THOMSON AVENUE","LONG ISLAND CITY","R4-ELEVATOR",237,1920,310173,6743161,21.74,3052102,9.84,3691059,29058999,93.69,2017
"1-01167-7501","0650-R1","2138 BROADWAY","UPPER WEST SIDE (59-79)","R9-CONDOMINIUM",110,1924,107050,4218841,39.41,1222511,11.42,2996330,23462000,219.17,2012
"1-00283-7502","0607-R1","135 DIVISION STREET","LOWER EAST SIDE","R4-CONDOMINIUM",28,1988,19924,748417,37.56,223199,11.2,525218,4005000,201.01,2014
"1-01888-7503","1773-R1","817 WEST END AVENUE","UPPER WEST SIDE (96-116)","R4-CONDOMINIUM",76,1920,116255,1966658,16.92,835624,7.19,1131034,7907001,68.01,2014
"1-01210-7502","0669-R1","186 WEST 80 STREET","UPPER WEST SIDE (79-96)","R4-ELEVATOR",91,1920,60653,3369881,55.56,1104491,18.21,2265390,18122001,298.78,2017
"5-02452-7501","0107-R2","121 WELLINGTON COURT","NEW SPRINGVILLE","R4  -ELEVATOR",52,1987,64512,1134121,17.58,573512,8.89,560609,4255000,65.96,2021
"3-02549-7501","2851-R1","114 WEST STREET","GREENPOINT","R4  -ELEVATOR",28,1911,95450,3535468,37.04,1060450,11.11,2475018,20099005,210.57,2019
"3-01206-7501","0241-R1","1206 PACIFIC STREET","CROWN HEIGHTS","R2    -WALK-UP",32,1915,30455,626155,20.56,241204,7.92,384951,2971000,97.55,2023
"4-00199-7501","0097-R1","47-55 39 PLACE","SUNNYSIDE","R4  -ELEVATOR",47,1939,42000,830340,19.77,311220,7.41,519120,4026000,95.86,2021
"1-00349-7501","1107-R1","130 SUFFOLK STREET","LOWER EAST SIDE","R2  -WALK-UP",48,1930,61673,2885063,46.78,946064,15.34,1938999,15748006,255.35,2019
"4-09266-7501","0989-R1","85-15 120 STREET","KEW GARDENS","R4    -ELEVATOR",40,2013,45581,1699260,37.28,645883,14.17,1053377,8517000,186.85,2023
"1-00820-7503","1173-R1","8 WEST 19 STREET","FLATIRON","R4-ELEVATOR",7,1900,29062,1022401,35.18,317066,10.91,705335,5645000,194.24,2016
"1-01329-7501","2007-R1","231 EAST 55 STREET","MIDTOWN EAST","R4-ELEVATOR",40,2000,54638,2041276,37.36,443661,8.12,1597615,12166001,222.67,2013
"2-05789-7502","0077-R1","3205 ARLINGTON AVENUE","RIVERDALE","R2-WALK-UP",9,2006,9973,215517,21.61,81679,8.19,133838,1052000,105.48,2017
"3-01913-7512","1489-R1","189 FRANKLIN AVENUE","BEDFORD STUYVESANT","R4-ELEVATOR",16,2006,17259,357952,20.74,78874,4.57,279078,2048002,118.66,2013
"1-01466-7501","0741-R1","422 EAST 72 STREET","UPPER EAST SIDE (59-79)","R4    -ELEVATOR",204,1990,322581,16709696,51.8,5177425,16.05,11532271,92629000,287.15,2023
"3-06768-7502","3064-R1","2113 KINGS HIGHWAY","MIDWOOD","R4-CONDOMINIUM",12,2008,13417,467314,34.83,205683,15.33,261631,2076005,154.73,2015
"3-02235-7511","2887-R1","1 MIDDLETON STREET","WILLIAMSBURG-CENTRAL","R4  -ELEVATOR",14,2006,18398,425178,23.11,79295,4.31,345882,2721000,147.9,2020
"3-02045-7501","3031-R1","150 CLERMONT AVENUE","FORT GREENE","RR-CONDOMINIUM",52,2010,77467,2884096,37.23,806431,10.41,2077665,15842000,204.5,2014
"3-01167-7501","2311-R1","475 STERLING PLACE","CROWN HEIGHTS","R4-ELEVATOR",45,2006,50018,1035873,20.71,337121,6.74,698752,5409998,108.16,2016
"1-00738-7501","0615-R1","85 8 AVENUE","CHELSEA","R9-CONDOMINIUM",117,1973,110995,3506332,31.59,893510,8.05,2612822,20170000,181.72,2012
"1-01540-7501","1767-R1","206 EAST 95 STREET","UPPER EAST SIDE (79-96)","R4  -ELEVATOR",43,1989,43065,1957735,45.46,596020,13.84,1361715,10983000,255.03,2020
"3-01048-7501","1216-R1","249 16 STREET","PARK SLOPE SOUTH","R2-WALK-UP",16,2003,19350,588821,30.43,223299,11.54,365522,2924001,151.11,2017
"3-00299-7502","3368-R1","75 COLUMBIA STREET","COBBLE HILL-WEST","R4-ELEVATOR",10,2013,21379,756175,35.37,218493,10.22,537682,4301998,201.23,2016
"4-05134-7502","0246-R1","136-17 MAPLE AVENUE","FLUSHING-NORTH","R4  -ELEVATOR",68,1989,102400,2030592,19.83,913408,8.92,1117184,8607000,84.05,2020
"3-00336-7501","0154-R1","158 SACKETT STREET","COBBLE HILL-WEST","R2-WALK-UP",10,1986,8888,212423,23.9,48173,5.42,164250,1302999,146.6,2016
"1-00851-7505","1987-R2","23 EAST 22 STREET","FLATIRON","R4-ELEVATOR",2,2008,8449,362547,42.91,152673,18.07,209874,1679000,198.72,2016
"1-01602-7501","1167-R1","65 EAST 96 STREET","UPPER EAST SIDE (96-110)","R4-ELEVATOR",60,1924,108700,6039372,55.56,2206610,20.3,3832762,30669000,282.14,2016
"3-01309-7501","0526-R1","72 CLOVE ROAD","CROWN HEIGHTS","R2-CONDOMINIUM",48,1997,65071,887083,13.63,427308,6.57,459775,3015012,46.33,2014
"3-05672-7501","1585-R1","858 54 STREET","BOROUGH PARK","R2  -WALK-UP",12,2006,9628,241663,25.1,101768,10.57,139895,1110000,115.29,2020
"3-05634-7501","0012-R1","1225 49 STREET","BOROUGH PARK","R4-CONDOMINIUM",16,1929,20044,274802,13.71,118943,5.93,155859,1024001,51.09,2014
"1-00817-7501","0359-R1","108 5 AVENUE","FLATIRON","R4-CONDOMINIUM",51,1986,64600,2648600,41,525844,8.14,2122756,16026999,248.1,2012
"1-00890-7503","1250-R1","143 EAST 34 STREET","MURRAY HILL","R4-CONDOMINIUM",28,2002,38960,1649177,42.33,365055,9.37,1284122,9790998,251.31,2014
"3-00275-7501","0100-R1","141 ATLANTIC AVENUE","BROOKLYN HEIGHTS","R2-CONDOMINIUM",2,1900,3170,84164,26.55,35726,11.27,48438,344302,108.61,2012
"4-02090-7501","0322-R1","97-12 63 DRIVE","REGO PARK","R4  -ELEVATOR",73,1992,51254,1102986,21.52,553543,10.8,549443,4288000,83.66,2020
"3-01276-7501","0287-R1","1229 PRESIDENT STREET","CROWN HEIGHTS","R2-WALK-UP",12,1987,22128,373299,16.87,157994,7.14,215305,1590000,71.85,2016
"4-03293-7501","0194-R1","110 73 ROAD","FOREST HILLS","R9-CONDOPS",66,1942,93800,1862868,19.86,803866,8.57,1059002,8162000,87.01,2017
"1-00283-7503","2186-R1","136 EAST BROADWAY","LOWER EAST SIDE","R4  -ELEVATOR",23,2008,21746,1023149,47.05,186798,8.59,836351,6732000,309.57,2018
"3-08374-7505","1775-R1","1930 BERGEN AVENUE","BERGEN BEACH","R4    -ELEVATOR",208,2005,248979,4837662,19.43,1904689,7.65,2932973,22406000,89.99,2023
"1-02135-7501","2022-R1","835 RIVERSIDE DRIVE","WASHINGTON HEIGHTS LOWER","R4  -ELEVATOR",59,1920,76000,1411320,18.57,677160,8.91,734160,5630000,74.08,2021
"1-00394-7502","1113-R1","613 EAST 11 STREET","ALPHABET CITY","R2-CONDOMINIUM",12,2001,15957,629025,39.42,182389,11.43,446636,3372000,211.32,2012
"1-00800-7502","1221-R1","108 WEST 25 STREET","CHELSEA","R4-ELEVATOR",10,1913,27100,1508657,55.67,414901,15.31,1093756,8748999,322.84,2017
"3-06608-7501","0019-R1","1620 EAST 2 STREET","OCEAN PARKWAY-NORTH","R4-CONDOMINIUM",64,1941,60600,938088,15.48,487224,8.04,450864,3152011,52.01,2015
"3-05702-7502","3573-R1","1051 59 STREET","BOROUGH PARK","R2  -WALK-UP",1,1931,1759,49322,28.04,7089,4.03,42233,340000,193.29,2018
"4-09714-7501","0733-R1","141-29 PERSHING CRESCENT","BRIARWOOD","R4-ELEVATOR",18,2008,16170,708408,43.81,297205,18.38,411203,3289997,203.46,2016
"1-00753-7502","2455-R1","308 WEST 30 STREET","CHELSEA","R4  -ELEVATOR",60,1925,53449,2508896,46.94,607715,11.37,1901181,15302003,286.29,2018
"4-05893-7501","0043-R2","209-90 23 AVENUE","BAYSIDE","R4-ELEVATOR",100,1983,89015,1696626,19.06,608863,6.84,1087763,8268987,92.89,2016
"3-05593-7514","3220-R1","4102 13 AVENUE","BOROUGH PARK","RR-CONRENT",20,2007,33500,705175,21.05,293460,8.76,411715,3198000,95.46,2016
"1-01460-7501","0352-R1","404 EAST 66 STREET","UPPER EAST SIDE (59-79)","R4-CONDOMINIUM",158,1959,142140,4744633,33.38,1583440,11.14,3161193,24104004,169.58,2014
"1-00284-7503","1575-R1","173 EAST BROADWAY","LOWER EAST SIDE","R4-CONDOMINIUM",29,1912,43723,1324807,30.3,474395,10.85,850412,5844307,133.67,2012
"1-01552-7502","0507-R1","1730 2 AVENUE","UPPER EAST SIDE (79-96)","R4-CONDOMINIUM",31,1987,25593,1023976,40.01,216773,8.47,807203,6155001,240.5,2014
"1-01320-7506","1828-R1","211 EAST 46 STREET","MIDTOWN EAST","R4-CONDOMINIUM",261,1979,207246,9798591,47.28,3589501,17.32,6209090,49681012,239.72,2015
"4-05180-7502","0323-R1","42-22 UNION STREET","FLUSHING-NORTH","R4  -ELEVATOR",32,1990,36336,682753,18.79,253625,6.98,429128,3299000,90.79,2021
"1-01914-7503","2069-R1","2185 ADAM C. POWELL BOULEVARD","HARLEM-CENTRAL","RR  -CONRENT",48,2007,54628,1364607,24.98,416812,7.63,947795,7311000,133.83,2018
"3-08771-7502","2244-R1","3360 SHORE PARKWAY SR SOUTH","SHEEPSHEAD BAY","R4  -ELEVATOR",9,2007,10746,263170,24.49,76834,7.15,186336,1476000,137.35,2020
"4-05893-7501","0043-R2","209-90 23 AVENUE","BAYSIDE","R4-ELEVATOR",100,1983,89015,1875546,21.07,753957,8.47,1121589,8768981,98.51,2017
"3-05364-7501","0004-R1","4007 15 AVENUE","BOROUGH PARK","R2-WALK-UP",12,1982,18993,448045,23.59,172646,9.09,275399,2203001,115.99,2017
"3-08783-7502","1131-R1","2806 EAST 23 STREET","SHEEPSHEAD BAY","R4-ELEVATOR",12,2001,18590,356742,19.19,111540,6,245202,1770002,95.21,2013
"4-02111-7501","0729-R1","99-40 63 DRIVE","REGO PARK","R9-CONDOMINIUM",546,1952,555732,10475548,18.85,5546205,9.98,4929343,36365000,65.44,2015
"3-06681-7501","3245-R1","1862 EAST 2 STREET","OCEAN PARKWAY-SOUTH","R4-ELEVATOR",18,2007,47439,1065480,22.46,522778,11.02,542702,3243502,68.37,2013
"1-00132-7501","0401-R2","275 GREENWICH STREET","TRIBECA","R4  -ELEVATOR",133,1987,138016,6917362,50.12,2057819,14.91,4859543,39113994,283.4,2018
"4-01611-7501","0161-R1","41-10 97 PLACE","CORONA","R2    -WALK-UP",12,1987,10452,190854,18.26,64907,6.21,125947,951000,90.99,2023
"4-00510-7501","0779-R1","27-16 12 STREET","ASTORIA","R4  -ELEVATOR",18,2006,13613,442423,32.5,141575,10.4,300847,2447000,179.75,2021
"1-01209-7502","2359-R2","360 CENTRAL PARK WEST","UPPER WEST SIDE (79-96)","R4  -ELEVATOR",148,1929,160282,5643529,35.21,2665490,16.63,2978040,24259000,151.35,2021
"1-00421-7502","0758-R1","36 RIVINGTON STREET","LOWER EAST SIDE","R4-ELEVATOR",16,1988,13319,606015,45.5,163291,12.26,442724,3542003,265.94,2017
"1-00016-7519","2256-R1","300 NORTH END AVENUE","TRIBECA","RR    -CONRENT",191,2008,239086,14043912,58.74,3748868,15.68,10295043,82165000,343.66,2023
"4-00576-7501","0136-R1","30-06 30 AVENUE","ASTORIA","R9  -CONDOPS",88,1937,67704,1478655,21.84,675686,9.98,802969,6247000,92.27,2019
"3-02866-7501","1944-R1","219 WITHERS STREET","WILLIAMSBURG-EAST","R4-ELEVATOR",12,2006,16627,384250,23.11,139168,8.37,245082,1833002,110.24,2013
"3-02349-7501","2921-R1","53 NORTH 3 STREET","WILLIAMSBURG-NORTH","RR-CONRENT",113,2009,142836,5386346,37.71,1664039,11.65,3722307,29786000,208.53,2016
"3-02121-7501","4628-R1","75 GREENE AVENUE","FORT GREENE","R4  -ELEVATOR",22,1930,40335,1480698,36.71,444088,11.01,1036610,8450000,209.5,2021
"3-05026-7501","3070-R1","185 OCEAN AVENUE","FLATBUSH-LEFFERTS GARDEN","R4  -ELEVATOR",20,2008,20689,452468,21.87,171926,8.31,280543,2210000,106.82,2021
"3-07299-7503","4025-R1","2409 OCEAN AVENUE","MADISON","R4    -ELEVATOR",12,2015,26044,781060,29.99,296641,11.39,484418,3891000,149.4,2023
"1-01229-7502","1872-R1","219 WEST 81 STREET","UPPER WEST SIDE (79-96)","R4-CONDOMINIUM",117,1912,176424,5319184,30.15,1900086,10.77,3419098,25814002,146.32,2012
"1-01320-7501","0085-R1","238 EAST 47 STREET","MIDTOWN EAST","R4-ELEVATOR",231,1982,360110,17811041,49.46,5761760,16,12049281,96387009,267.66,2017
"1-00513-7503","1390-R1","19 WEST HOUSTON STREET","SOHO","R4-ELEVATOR",32,2003,56800,1980048,34.86,692960,12.2,1287088,9799002,172.52,2013
"4-09177-7501","0184-R3","84-10 101 STREET","WOODHAVEN","R2  -WALK-UP",63,1959,53790,984895,18.31,482496,8.97,502399,3814000,70.91,2020
"4-05192-7502","0593-R1","140-26 CHERRY AVENUE","FLUSHING-NORTH","R4-CONDOMINIUM",32,2006,51000,1220430,23.93,538050,10.55,682380,5234998,102.65,2015
"1-01578-7501","0517-R1","52 EAST END AVENUE","UPPER EAST SIDE (79-96)","R4-CONDOMINIUM",82,1988,118052,4372606,37.04,1167372,9.89,3205234,24438998,207.02,2014
"1-01607-7503","2404-R1","10 EAST 102 STREET","UPPER EAST SIDE (96-110)","RR  -CONRENT",229,2013,315015,15177423,48.18,3641573,11.56,11535849,93589000,297.09,2021
"1-00084-7501","2442-R1","100 BARCLAY STREET","TRIBECA","R4  -ELEVATOR",156,1930,398591,25533739,64.06,7118835,17.86,18414904,146892000,368.53,2021
"4-00030-7501","0558-R2","5-09 48 AVENUE","LONG ISLAND CITY","R4  -ELEVATOR",3,2007,3360,103354,30.76,34037,10.13,69317,558000,166.07,2018
"1-01505-7501","0028-R1","55 EAST 93 STREET","UPPER EAST SIDE (79-96)","R4-ELEVATOR",29,1980,23232,991077,42.66,361258,15.55,629819,5038002,216.86,2017
"1-01158-7501","0408-R1","160 WEST END AVENUE","UPPER WEST SIDE (59-79)","R9-CONDOMINIUM",508,1963,471630,11809615,25.04,3655133,7.75,8154482,61289000,129.95,2012
"3-01171-7502","1500-R1","34 BUTLER PLACE","PROSPECT HEIGHTS","R2  -WALK-UP",48,2005,32139,910176,28.32,237829,7.4,672347,5437994,169.2,2019
"4-04971-7501","0446-R1","135-37 37 AVENUE","FLUSHING-NORTH","R4-CONDOMINIUM",20,2004,14250,307230,21.56,101033,7.09,206197,1558000,109.33,2015
"1-00851-7504","1850-R1","29 EAST 22 STREET","FLATIRON","R9-CONDOPS",20,1907,56554,2831093,50.06,777618,13.75,2053475,16432000,290.55,2016
"1-01718-7501","2371-R1","42 WEST 120 STREET","HARLEM-CENTRAL","R4-ELEVATOR",28,1909,29153,1041345,35.72,386569,13.26,654776,5239001,179.71,2016
"1-01151-7501","0759-R3","2 AMSTERDAM AVENUE","UPPER WEST SIDE (59-79)","R4  -ELEVATOR",1,1991,945,45152,47.78,11340,12,33812,272000,287.83,2020
"1-01330-7502","2766-R2","252 EAST 57 STREET","MIDTOWN EAST","RR  -CONRENT",175,2014,258179,13208438,51.16,3627415,14.05,9581023,77541000,300.34,2021
"1-01943-7502","1373-R1","364      3 WEST 117 STREE","HARLEM-CENTRAL","R4-CONDOMINIUM",49,1901,66936,1229614,18.37,507375,7.58,722239,5296003,79.12,2015
"3-02095-7501","0054-R1","1 ROCKWELL PLACE","FORT GREENE","R2    -WALK-UP",25,1900,19915,792020,39.77,245552,12.33,546468,4418000,221.84,2023
"1-00354-7501","1351-R1","133 NORFOLK STREET","LOWER EAST SIDE","R2-CONDOMINIUM",2,1900,3599,198953,55.28,60535,16.82,138418,1107000,307.59,2015
"1-00188-7501","0491-R1","65 NORTH MOORE STREET","TRIBECA","R4-ELEVATOR",8,1915,12690,481966,37.98,189589,14.94,292377,2339998,184.4,2016
"3-00964-7501","1255-R1","28 GARFIELD PLACE","PARK SLOPE","R4-ELEVATOR",8,2004,13361,344981,25.82,112366,8.41,232615,1860998,139.29,2017
"4-01853-7503","0360-R1","90-70 51 AVENUE","ELMHURST","R2  -WALK-UP",14,1989,9469,202068,21.34,81528,8.61,120540,946000,99.9,2021
"1-00764-7503","2496-R1","245 WEST 14 STREET","CHELSEA","R4  -ELEVATOR",27,2009,42828,2225343,51.96,708803,16.55,1516539,12173000,284.23,2020
"3-05686-7501","1696-R1","821 57 STREET","BOROUGH PARK","R4  -ELEVATOR",10,2005,8466,179649,21.22,43515,5.14,136134,1053003,124.38,2019
"1-01439-7501","0427-R1","304 EAST 65 STREET","UPPER EAST SIDE (59-79)","R4  -ELEVATOR",127,1987,149981,7577040,50.52,2312707,15.42,5264333,42372004,282.52,2018
"1-00773-7502","1476-R1","213 WEST 23 STREET","CHELSEA","R4    -ELEVATOR",12,1900,44800,2413376,53.87,769664,17.18,1643712,13179000,294.17,2023
"1-00473-7503","1663-R1","425 BROOME STREET","SOHO","R4-ELEVATOR",18,1874,27023,826904,30.6,295632,10.94,531272,4249997,157.27,2017
"1-00927-7501","0937-R1","312 EAST 22 STREET","KIPS BAY","R4-ELEVATOR",15,1910,20425,843757,41.31,243058,11.9,600699,4574001,223.94,2013
"4-00573-7501","0565-R1","25-25 NEWTOWN AVENUE","ASTORIA","R4-CONDOMINIUM",30,2006,18292,407853,22.3,122160,6.68,285693,2128000,116.34,2014
"3-02378-7501","2839-R1","66 NORTH 1 STREET","WILLIAMSBURG-NORTH","R4-ELEVATOR",21,1910,30434,649462,21.34,315905,10.38,333557,2597000,85.33,2016
"3-05381-7501","0169-R1","542 DAHILL ROAD","BOROUGH PARK","R2  -WALK-UP",22,1928,17751,319163,17.98,171652,9.67,147511,1116000,62.87,2020
"1-01527-7502","1886-R1","215 EAST 81 STREET","UPPER EAST SIDE (79-96)","R4-ELEVATOR",40,1974,28559,1348556,47.22,390402,13.67,958154,7664998,268.39,2017
"4-05192-7502","0593-R1","140-26 CHERRY AVENUE","FLUSHING-NORTH","R4-CONDOMINIUM",32,2006,51000,1218644,23.89,449711,8.82,768933,5797000,113.67,2014
"3-02618-7501","0379-R1","86 MESEROLE AVENUE","GREENPOINT","R2  -WALK-UP",15,1910,14027,470466,33.54,192591,13.73,277875,2257002,160.9,2019
"1-00478-7501","0789-R1","354 BROOME STREET","LITTLE ITALY","R4-ELEVATOR",37,1900,56714,1475698,26.02,571677,10.08,904021,6885998,121.42,2013
"1-00822-7503","1226-R1","9 WEST 20 STREET","FLATIRON","R4-ELEVATOR",11,1910,28333,1040954,36.74,184448,6.51,856506,6521001,230.16,2013
"1-01171-7502","1262-R1","220 RIVERSIDE BOULEVARD","UPPER WEST SIDE (59-79)","R4-CONDOMINIUM",418,2000,602694,28091567,46.61,5954617,9.88,22136950,177095983,293.84,2015
"4-05193-7501","0403-R1","43 UNION STREET","FLUSHING-NORTH","R4-CONDOMINIUM",23,1999,16383,294239,17.96,117466,7.17,176773,1246001,76.05,2012
"3-01734-7504","1139-R1","835 BEDFORD AVENUE","BEDFORD STUYVESANT","R4  -ELEVATOR",10,2003,16833,404665,24.04,75580,4.49,329085,2648998,157.37,2018
"3-01201-7501","2693-R1","1311 PACIFIC STREET","CROWN HEIGHTS","R4-ELEVATOR",32,2010,28344,487233,17.19,211446,7.46,275787,2046000,72.18,2016
"3-02857-7504","2035-R1","96 WOODPOINT ROAD","WILLIAMSBURG-EAST","R2-CONDOMINIUM",10,2005,9082,187725,20.67,77015,8.48,110710,804999,88.64,2012
"1-00915-7501","1765-R1","225 EAST 34 STREET","MURRAY HILL","R4-ELEVATOR",191,2007,222784,11397629,51.16,3923226,17.61,7474403,59810020,268.47,2016
"4-05193-7501","0403-R1","43-73 UNION STREET","FLUSHING-NORTH","R4    -ELEVATOR",23,1999,16383,436279,26.63,190207,11.61,246073,1959000,119.58,2023
"3-07299-7503","4025-R1","2409 OCEAN AVENUE","MADISON","R4  -ELEVATOR",12,2015,26044,711262,27.31,270337,10.38,440925,3555000,136.5,2021
"1-01823-7501","0807-R1","66 ST. NICHOLAS AVENUE","HARLEM-CENTRAL","R4  -ELEVATOR",54,1915,58429,1295371,22.17,524692,8.98,770679,5839998,99.95,2018
"1-00180-7507","0923-R1","345 GREENWICH STREET","TRIBECA","R4-ELEVATOR",10,1920,23287,746581,32.06,336264,14.44,410317,3281998,140.94,2017
"1-01229-7503","2016-R1","442 AMSTERDAM AVENUE","UPPER WEST SIDE (79-96)","R9  -CONDOPS",12,1920,8594,338861,39.43,94878,11.04,243983,1957000,227.72,2018
"1-01881-7501","0188-R1","504 CATHEDRAL PARKWAY","UPPER WEST SIDE (96-116)","R4-ELEVATOR",148,1911,107102,2540459,23.72,993907,9.28,1546552,11636003,108.64,2013
"1-01303-7501","0305-R1","145 EAST 48 STREET","MIDTOWN CBD","R4  -ELEVATOR",207,1985,185540,8685127,46.81,2662499,14.35,6022628,48539000,261.61,2020
"1-00377-7503","2144-R1","101 AVENUE D","ALPHABET CITY","RR  -CONRENT",79,2010,68546,3584270,52.29,799932,11.67,2784338,17737899,258.77,2018
"3-00793-7505","3108-R1","638 50 STREET","SUNSET PARK","R4    -ELEVATOR",14,2009,12724,406914,31.98,150525,11.83,256389,2065000,162.29,2023
"3-02262-7507","1352-R1","730 BEDFORD AVENUE","WILLIAMSBURG-CENTRAL","R4  -ELEVATOR",13,2004,14998,364301,24.29,72440,4.83,291861,2349003,156.62,2018
"3-02234-7501","0378-R2","210 LYNCH STREET","WILLIAMSBURG-CENTRAL","R2    -WALK-UP",21,1990,38361,1278956,33.34,493322,12.86,785633,6337000,165.19,2023
"1-00578-7501","2974-R1","570 BROOME STREET","SOHO","R4  -ELEVATOR",54,2016,85620,4713381,55.05,976068,11.4,3737313,30125000,351.85,2021
"1-00465-7501","1972-R1","38 STUYVESANT STREET","EAST VILLAGE","R2  -WALK-UP",12,1900,14269,591593,41.46,188065,13.18,403527,3262000,228.61,2020
